{"cameraMode":{"drawMode":0,"name":"Shaded","section":"Shading Mode"},"sceneLighting":true,"audioPlay":false,"sceneViewState":{"showFog":true,"showMaterialUpdate":false,"showSkybox":true,"showFlares":true,"showImageEffects":true,"showParticleSystems":true},"in2DMode":false,"pivot":{"x":-0.4719400405883789,"y":-2.2468762397766115,"z":-4.426393985748291},"rotation":{"x":0.35351765155792239,"y":0.3637024760246277,"z":-0.15155091881752015,"w":0.848397433757782},"size":10.059477806091309,"orthographic":false}